no;spbu;coordinate;address;district;city;pr;plg;total;tbbm
136778;136778;S6 19.857 E106 45.761;;;Jakarta;47.6;46.5;94.1;Plumpang
370115;370115;S6 06.407 E106 46.518;;;Jakarta;20.5;21.7;42.2;Plumpang
710880;710880;S6 09.397 E106 53.186;;;Jakarta;4.6;6.9;11.5;Plumpang
710881;710881;S6 14.539 E106 42.744;;;Jakarta;53.8;40.8;94.6;Plumpang
710882;710882;S6 14.545 E106 42.776;;;Jakarta;54.1;40.9;95;Plumpang
710886;710886;S6 14.289 E107 00.063;;;Jakarta;31.2;34.9;66.1;Plumpang
710890;710890;S6 44.349 E106 49.135;;;Jakarta;77.5;76.7;154.2;Plumpang
710891;710891;S6 17.776 E106 48.870;;;Jakarta;34;34.7;68.7;Plumpang
710900;710900;S6 14.626 E106 51.640;;;Jakarta;14.4;22.4;36.8;Plumpang
710946;710946;S6 18.291 E106 55.415;;;Jakarta;27;29.8;56.8;Plumpang
710951;710951;S6 31.872 E107 39.374;;;Jakarta;117;126;243;Plumpang
715700;715700;S6 07.670 E106 48.460;;;Jakarta;14.7;19.4;34.1;Plumpang
744596;744596;S6 33.277 E106 49.154;;;Jakarta;59.7;57.7;117.4;Plumpang
805608;805608;S6 08.014 E106 49.887;;;Jakarta;15.8;25.5;41.3;Plumpang
805817;805817;S6 32.584 E106 45.573;;;Jakarta;69.6;66.8;136.4;Plumpang
31-10202;3110202;S6 10.716 E106 49.108;;;Jakarta;35.1;30.2;65.3;Plumpang
31-10303 (Dex);3110303;S6 11.769 E106 50.423;;;Jakarta;18.9;15.9;34.8;Plumpang
31-10304;3110304;S6 11.295 E106 49.644;;;Jakarta;14.4;15.8;30.2;Plumpang
31-10701;3110701;S6 08.967 E106 50.315;;;Jakarta;19.8;14.3;34.1;Plumpang
31-10702 (dex);3110702;S6 09.625 E106 50.080;;;Jakarta;18.3;15.9;34.2;Plumpang
31-10703;3110703;S6 08.892 E106 49.854;;;Jakarta;13.5;16.8;30.3;Plumpang
31-11403 (Dex);3111403;S6 09.977 E106 47.235;;;Jakarta;17.8;23.2;41;Plumpang
31-11404;3111404;S6 10.578 E106 48.092;;;Jakarta;17.8;23.2;41;Plumpang
31-11802;3111802;S6 09.316 E106 42.675;;;Jakarta;21;19.6;40.6;Plumpang
31-12203;3112203;S6 13.292 E106 47.424;;;Jakarta;31.8;30.4;62.2;Plumpang
31-12204 (Dex);3112204;S6 15.568 E106 46.932;;;Jakarta;44;41.6;85.6;Plumpang
31-12401 (Dex);3112401;S6 16.335 E106 47.843;;;Jakarta;32.4;34.1;66.5;Plumpang
31-12402;3112402;S6 16.351 E106 47.875;;;Jakarta;21.5;24.4;45.9;Plumpang
31-12701 (Dex);3112701;S6 16.416 E106 49.136;;;Jakarta;35.4;31.8;67.2;Plumpang
31-12702;3112702;S6 14.406 E106 49.233;;;Jakarta;26.4;23.5;49.9;Plumpang
31-12802 (Dex);3112802;S6 14.565 E106 51.139;;;Jakarta;21.1;23.1;44.2;Plumpang
31-12902 (dex);3112902;S6 13.713 E106 50.010;;;Jakarta;25.2;27.9;53.1;Plumpang
31-13101;3113101;S6 11.580 E106 51.847;;;Jakarta;16;9.5;25.5;Plumpang
31-13301;3113301;S6 13.872 E106 52.050;;;Jakarta;29.6;13.8;43.4;Plumpang
31-13401;3113401;S6 12.750 E106 54.005;;;Jakarta;19.1;14.1;33.2;Plumpang
31-13402;3113402;S6 14.846 E106 55.090;;;Jakarta;11.1;16.9;28;Plumpang
31-13602;3113602;S6 15.607 E106 52.069;;;Jakarta;22.4;16.2;38.6;Plumpang
31-13701;3113701;S6 21.172 E106 51.749;;;Jakarta;30.5;45.2;75.7;Plumpang
31-13901;3113901;S6 10.944 E106 56.050;;;Jakarta;12.9;11.5;24.4;Plumpang
31-13902;3113902;S6 10.950 E106 54.814;;;Jakarta;14.6;15.3;29.9;Plumpang
31-14301;3114301;S6 08.727 E106 53.380;;;Jakarta;2.9;5.3;8.2;Plumpang
31-15102 (dex);3115102;S6 12.036 E106 38.437;;;Jakarta;52.9;47.8;100.7;Plumpang
31-15103;3115103;S6 10.729 E106 39.559;;;Jakarta;55.7;35.5;91.2;Plumpang
31-15104;3115104;S6 13.311 E106 37.227;;;Jakarta;49.3;45.7;95;Plumpang
31-15301;3115301;S6 17.717 E106 40.825;;;Jakarta;56.9;52.3;109.2;Plumpang
31-15302;3115302;S6 16.487 E106 39.488;;;Jakarta;58.3;37.6;95.9;Plumpang
31-15303;3115303;S6 14.618 E106 38.963;;;Jakarta;32.9;30.4;63.3;Plumpang
31-15401;3115401;S6 16.788 E106 43.076;;;Jakarta;28.7;35.2;63.9;Plumpang
31-15402;3115402;S6 18.138 E106 45.648;;;Jakarta;33.9;45.6;79.5;Plumpang
31-15701;3115701;S6 14.730 E106 31.727;;;Jakarta;64.9;57.8;122.7;Plumpang
31-16101;3116101;S6 35.105 E106 46.887;;;Jakarta;63.9;64.01;127.91;Plumpang
31-16113;3116113;S6 34.453 E106 47.310;;;Jakarta;39.4;40.3;79.7;Plumpang
31-16301;3116301;S6 26.095 E106 44.076;;;Jakarta;59.9;54.3;114.2;Plumpang
31-16302;3116302;S6 28.733 E106 43.420;;;Jakarta;72.2;75.9;148.1;Plumpang
31-16401 (dex);3116401;S6 22.455 E106 49.984;;;Jakarta;35.6;38.4;74;Plumpang
31-16402;3116402;S6 22.538 E106 54.136;;;Jakarta;18.3;25.4;43.7;Plumpang
31-16701;3116701;S6 40.398 E106 55.683;;;Jakarta;78;71.9;149.9;Plumpang
31-16801;3116801;S6 26.620 E107 02.508;;;Jakarta;57.2;49.5;106.7;Plumpang
31-17101;3117101;S6 15.051 E106 59.541;;;Jakarta;33.3;28.1;61.4;Plumpang
31-17103;3117103;S6 20.309 E106 58.735;;;Jakarta;38;42.6;80.6;Plumpang
31-17501;3117501;S6 20.763 E107 08.430;;;Jakarta;52.8;56.6;109.4;Plumpang
31-17502;3117502;S6 20.593 E107 09.297;;;Jakarta;59.5;52.9;112.4;Plumpang
31-17503;3117503;S6 18.595 E107 09.903;;;Jakarta;50.5;51.4;101.9;Plumpang
31-17504 (dex);3117504;S6 19.823 E107 07.789;;;Jakarta;55.7;49.6;105.3;Plumpang
31-40101;3140101;S6 53.413 E107 36.788;;;Jakarta;152;158;310;Plumpang
31-40501;3140501;S6 51.357 E107 29.456;;;Jakarta;140;143;283;Plumpang
31-40601;3140601;S6 56.242 E107 41.627;;;Jakarta;173;170;343;Plumpang
31-41101;3141101;S6 36.182 E107 25.566;;;Jakarta;104;186;290;Plumpang
31-41102;3141102;S6 36.205 E107 25.473;;;Jakarta;172;106;278;Plumpang
31-42101 (Dex);3142101;S6 07.139 E106 09.846;;;Jakarta;104;108;212;Plumpang
32-10202;3210202;S6 13.278 E106 48.768;;;Jakarta;29.7;23;52.7;Plumpang
32-12101;3212101;S6 14.273 E106 48.021;;;Jakarta;39;39.6;78.6;Plumpang
32-13201;3213201;S6 12.806 E106 53.488;;;Jakarta;15.9;16.2;32.1;Plumpang
32-14201;3214201;S6 08.774 E106 52.089;;;Jakarta;9.1;7.2;16.3;Plumpang
32-16101;3216101;S6 37.376 E106 48.527;;;Jakarta;62.6;73;135.6;Plumpang
32-16501;3216501;S6 34.042 E106 48.408;;;Jakarta;60.6;59.4;120;Plumpang
32-16701;3216701;S6 33.990 E106 48.411;;;Jakarta;60.6;59.4;120;Plumpang
33-11301;3311301;S6 08.705 E106 46.585;;;Jakarta;20.2;20.2;40.4;Plumpang
33-13401;3313401;S6 14.939 E106 56.482;;;Jakarta;22.8;22.4;45.2;Plumpang
33-14201;3314201;S6 08.914 E106 54.980;;;Jakarta;5.3;4.7;10;Plumpang
33-14401;3314401;S6 07.610 E106 48.200;;;Jakarta;13.1;18.3;31.4;Plumpang
33-15401;3315401;S6 18.319 E106 46.378;;;Jakarta;34;41.1;75.1;Plumpang
33-15422;3315422;S6 19.437 E106 46.036;;;Jakarta;41.9;42.5;84.4;Plumpang
33-16102;3316102;S6 38.430 E106 47.130;;;Jakarta;66.3;72;138.3;Plumpang
33-16901;3316901;S6 26.170 E106 53.591;;;Jakarta;56.4;39.3;95.7;Plumpang
33-17101;3317101;S6 14.020 E106 59.659;;;Jakarta;18.2;18.4;36.6;Plumpang
33-17801;3317801;S6 16.286 E107 05.581;;;Jakarta;41;53.3;94.3;Plumpang
33-41101;3341101;S6 28.022 E107 26.633;;;Jakarta;102;91.3;193.3;Plumpang
33-41201;3341201;S6 30.454 E107 43.262;;;Jakarta;128;137;265;Plumpang
33-41202;3341202;S6 30.575 E107 43.064;;;Jakarta;129;138;267;Plumpang
34-10101;3410101;S6 09.642 E106 48.934;;;Jakarta;21.8;17.5;39.3;Plumpang
34-10102 (dex);3410102;S6 09.939 E106 48.842;;;Jakarta;16.3;18.3;34.6;Plumpang
34-10201 (dex);3410201;S6 12.151 E106 48.362;;;Jakarta;22.9;26.3;49.2;Plumpang
34-10202;3410202;S6 10.506 E106 48.995;;;Jakarta;20.1;18.3;38.4;Plumpang
34-10203;3410203;S6 11.825 E106 48.847;;;Jakarta;38.2;27.9;66.1;Plumpang
34-10205;3410205;S6 10.830 E106 48.813;;;Jakarta;19;31;50;Plumpang
34-10206;3410206;S6 13.740 E106 47.830;;;Jakarta;31.3;29.2;60.5;Plumpang
34-10301;3410301;S6 11.488 E106 49.699;;;Jakarta;32.1;28;60.1;Plumpang
34-10401;3410401;S6 11.088 E106 50.624;;;Jakarta;16.3;12.7;29;Plumpang
34-10402;3410402;S6 11.892 E106 51.294;;;Jakarta;16.5;10.8;27.3;Plumpang
34-10501;3410501;S6 11.550 E106 51.902;;;Jakarta;15.2;12.1;27.3;Plumpang
34-10502;3410502;S6 10.373 E106 51.718;;;Jakarta;7.9;12.3;20.2;Plumpang
34-10504;3410504;S6 11.099 E106 52.499;;;Jakarta;13.4;9.4;22.8;Plumpang
34-10506;3410506;S6 10.494 E106 51.138;;;Jakarta;9;11.9;20.9;Plumpang
34-10507;3410507;S6 10.559 E106 52.071;;;Jakarta;13.3;11.1;24.4;Plumpang
34-10603;3410603;S6 09.006 E106 50.115;;;Jakarta;18.7;12.3;31;Plumpang
34-10604;3410604;S6 10.025 E106 50.537;;;Jakarta;15.6;13.3;28.9;Plumpang
34-10605;3410605;S6 10.452 E106 51.215;;;Jakarta;14.2;11.4;25.6;Plumpang
34-10701;3410701;S6 09.698 E106 49.547;;;Jakarta;21.4;17.4;38.8;Plumpang
34-10702;3410702;S6 08.434 E106 49.628;;;Jakarta;20.3;13.6;33.9;Plumpang
34-11103;3411103;S6 11.892 E106 48.188;;;Jakarta;16.4;24.3;40.7;Plumpang
34-11104;3411104;S6 09.407 E106 49.127;;;Jakarta;15.9;14.9;30.8;Plumpang
34-11201;3411201;S6 09.332 E106 48.436;;;Jakarta;23.2;22.9;46.1;Plumpang
34-11301;3411301;S6 08.918 E106 47.671;;;Jakarta;21.3;16.4;37.7;Plumpang
34-11402;3411402;S6 10.466 E106 48.196;;;Jakarta;16.1;22.3;38.4;Plumpang
34-11403;3411403;S6 11.410 E106 47.604;;;Jakarta;19.8;25.5;45.3;Plumpang
34-11404;3411404;S6 09.363 E106 47.536;;;Jakarta;21.7;18.4;40.1;Plumpang
34-11405;3411405;S6 12.227 E106 47.802;;;Jakarta;28.2;25.9;54.1;Plumpang
34-11407 (dex);3411407;S6 11.332 E106 47.279;;;Jakarta;31;19.7;50.7;Plumpang
34-11502 (dex);3411502;S6 09.937 E106 45.806;;;Jakarta;31.6;23.5;55.1;Plumpang
34-11504;3411504;S6 11.327 E106 45.734;;;Jakarta;29.8;26;55.8;Plumpang
34-11505;3411505;S6 11.883 E106 46.300;;;Jakarta;32.4;32.7;65.1;Plumpang
34-11506;3411506;S6 10.634 E106 45.454;;;Jakarta;31;25;56;Plumpang
34-11507;3411507;S6 12.524 E106 46.207;;;Jakarta;31;30.5;61.5;Plumpang
34-11508;3411508;S6 12.047 E106 46.156;;;Jakarta;32.3;32.7;65;Plumpang
34-11509;3411509;S6 12.768 E106 46.365;;;Jakarta;32.1;30.5;62.6;Plumpang
34-11510;3411510;S6 10.806 E106 45.984;;;Jakarta;29.1;26.1;55.2;Plumpang
34-11511;3411511;S6 11.704 E106 46.919;;;Jakarta;28.8;27.1;55.9;Plumpang
34-11512;3411512;S6 11.780 E106 46.151;;;Jakarta;30.4;25.5;55.9;Plumpang
34-11601;3411601;S6 11.870 E106 45.206;;;Jakarta;34.4;34.1;68.5;Plumpang
34-11602;3411602;S6 10.737 E106 44.930;;;Jakarta;33.5;31.1;64.6;Plumpang
34-11604;3411604;S6 13.134 E106 45.643;;;Jakarta;33.7;31.3;65;Plumpang
34-11605;3411605;S6 11.833 E106 45.110;;;Jakarta;31.7;35.5;67.2;Plumpang
34-11606;3411606;S6 11.901 E106 45.603;;;Jakarta;30.8;33.7;64.5;Plumpang
34-11607;3411607;S6 11.755 E106 43.780;;;Jakarta;35.7;31.3;67;Plumpang
34-11608;3411608;S6 13.048 E106 45.823;;;Jakarta;38.8;30.8;69.6;Plumpang
34-11609;3411609;S6 13.155 E106 43.854;;;Jakarta;36.6;34.6;71.2;Plumpang
34-11610;3411610;S6 11.059 E106 43.822;;;Jakarta;33.8;29.1;62.9;Plumpang
34-11611;3411611;S6 11.203 E106 43.509;;;Jakarta;34.2;29.9;64.1;Plumpang
34-11612;3411612;S6 11.879 E106 44.512;;;Jakarta;33.2;35.4;68.6;Plumpang
34-11703;3411703;S6 08.934 E106 43.708;;;Jakarta;30.8;25.2;56;Plumpang
34-11704;3411704;S6 09.863 E106 46.595;;;Jakarta;26.9;20.9;47.8;Plumpang
34-11705;3411705;S6 10.155 E106 43.626;;;Jakarta;31.8;43.3;75.1;Plumpang
34-11706;3411706;S6 09.167 E106 43.158;;;Jakarta;21.2;40.5;61.7;Plumpang
34-11707;3411707;S6 07.824 E106 43.781;;;Jakarta;35;23.5;58.5;Plumpang
34-11708;3411708;S6 10.971 E106 43.133;;;Jakarta;33.6;32.6;66.2;Plumpang
34-11709;3411709;S6 09.442 E106 45.994;;;Jakarta;26.2;22.7;48.9;Plumpang
34-11710;3411710;S6 08.024 E106 43.839;;;Jakarta;33.5;24.1;57.6;Plumpang
34-11711;3411711;S6 08.660 E106 43.270;;;Jakarta;32.3;27.4;59.7;Plumpang
34-11712;3411712;S6 09.282 E106 44.699;;;Jakarta;28.7;27.5;56.2;Plumpang
34-11713;3411713;S6 09.494 E106 45.963;;;Jakarta;26.7;22.3;49;Plumpang
34-11714;3411714;S6 10.158 E106 43.699;;;Jakarta;35.5;27.4;62.9;Plumpang
34-11801;3411801;S6 08.590 E106 41.900;;;Jakarta;33.8;29.6;63.4;Plumpang
34-11802;3411802;S6 06.210 E106 42.662;;;Jakarta;36.3;29.9;66.2;Plumpang
34-11803;3411803;S6 09.540 E106 41.558;;;Jakarta;34;32.7;66.7;Plumpang
34-11804;3411804;S6 07.826 E106 41.286;;;Jakarta;35.7;31.3;67;Plumpang
34-11806;3411806;S6 07.821 E106 42.206;;;Jakarta;35.1;30.8;65.9;Plumpang
34-12103;3412103;S6 17.552 E106 48.704;;;Jakarta;38.4;29.9;68.3;Plumpang
34-12105;3412105;S6 15.999 E106 48.942;;;Jakarta;40;32.9;72.9;Plumpang
34-12113;3412113;S6 15.737 E106 48.505;;;Jakarta;41.6;42.6;84.2;Plumpang
34-12114;3412114;S6 14.664 E106 47.285;;;Jakarta;49.7;47.2;96.9;Plumpang
34-12115 (dex);3412115;S6 15.581 E106 47.342;;;Jakarta;44.2;43.7;87.9;Plumpang
34-12204;3412204;S6 13.719 E106 46.686;;;Jakarta;35.6;29.3;64.9;Plumpang
34-12205;3412205;S6 12.488 E106 47.287;;;Jakarta;32;26.9;58.9;Plumpang
34-12208;3412208;S6 14.917 E106 46.667;;;Jakarta;47.1;45.1;92.2;Plumpang
34-12209;3412209;S6 14.211 E106 45.190;;;Jakarta;51.9;49.9;101.8;Plumpang
34-12210;3412210;S6 12.873 E106 47.734;;;Jakarta;33.2;26.2;59.4;Plumpang
34-12212;3412212;S6 14.462 E106 45.374;;;Jakarta;52;50;102;Plumpang
34-12213;3412213;S6 15.603 E106 46.610;;;Jakarta;43;43.9;86.9;Plumpang
34-12214;3412214;S6 15.201 E106 46.400;;;Jakarta;36.6;42.2;78.8;Plumpang
34-12301;3412301;S6 16.214 E106 45.910;;;Jakarta;43.7;38.1;81.8;Plumpang
34-12302;3412302;S6 15.446 E106 46.890;;;Jakarta;45.5;43.5;89;Plumpang
34-12303;3412303;S6 15.487 E106 45.966;;;Jakarta;45;37.8;82.8;Plumpang
34-12304;3412304;S6 15.685 E106 46.027;;;Jakarta;43;39.2;82.2;Plumpang
34-12305;3412305;S6 17.155 E106 45.625;;;Jakarta;45.1;39.9;85;Plumpang
34-12306;3412306;S6 16.244 E106 45.608;;;Jakarta;39.5;45.8;85.3;Plumpang
34-12307;3412307;S6 16.710 E106 46.370;;;Jakarta;37.8;37.9;75.7;Plumpang
34-12401;3412401;S6 15.516 E106 47.795;;;Jakarta;41;38.4;79.4;Plumpang
34-12404;3412404;S6 16.786 E106 47.828;;;Jakarta;40.4;35.9;76.3;Plumpang
34-12405;3412405;S6 18.319 E106 47.637;;;Jakarta;40.5;33.2;73.7;Plumpang
34-12406;3412406;S6 18.148 E106 51.168;;;Jakarta;47.8;34.8;82.6;Plumpang
34-12407;3412407;S6 16.948 E106 47.478;;;Jakarta;43;43.9;86.9;Plumpang
34-12409;3412409;S6 18.563 E106 46.849;;;Jakarta;43.8;37.6;81.4;Plumpang
34-12410 (Dex);3412410;S6 18.246 E106 46.911;;;Jakarta;45.3;37;82.3;Plumpang
34-12411;3412411;S6 15.798 E106 47.209;;;Jakarta;44.8;44.3;89.1;Plumpang
34-12412;3412412;S6 17.559 E106 47.644;;;Jakarta;39.2;32.5;71.7;Plumpang
34-12502;3412502;S6 18.006 E106 50.106;;;Jakarta;29.3;30.5;59.8;Plumpang
34-12503;3412503;S6 16.434 E106 50.797;;;Jakarta;31.6;29.7;61.3;Plumpang
34-12504;3412504;S6 16.872 E106 49.171;;;Jakarta;37.8;30.7;68.5;Plumpang
34-12505;3412505;S6 18.227 E106 50.423;;;Jakarta;37.9;26.8;64.7;Plumpang
34-12506;3412506;S6 17.502 E106 48.704;;;Jakarta;37.2;31.2;68.4;Plumpang
34-12507;3412507;S6 17.787 E106 48.908;;;Jakarta;34;34.6;68.6;Plumpang
34-12508;3412508;S6 19.617 E106 49.351;;;Jakarta;39;36.5;75.5;Plumpang
34-12509;3412509;S6 17.223 E106 49.558;;;Jakarta;29.1;29.4;58.5;Plumpang
34-12510;3412510;S6 17.749 E106 49.520;;;Jakarta;32.2;28.5;60.7;Plumpang
34-12512;3412512;S6 17.420 E106 49.415;;;Jakarta;27.4;28.3;55.7;Plumpang
34-12601;3412601;S6 20.582 E106 49.087;;;Jakarta;47.7;42.2;89.9;Plumpang
34-12602;3412602;S6 19.118 E106 50.256;;;Jakarta;36.3;28.5;64.8;Plumpang
34-12603;3412603;S6 19.238 E106 50.227;;;Jakarta;36;28.7;64.7;Plumpang
34-12604;3412604;S6 18.030 E106 50.432;;;Jakarta;33.7;33;66.7;Plumpang
34-12605;3412605;S6 18.749 E106 50.207;;;Jakarta;55.4;49.8;105.2;Plumpang
34-12606;3412606;S6 20.037 E106 48.386;;;Jakarta;51.2;48.2;99.4;Plumpang
34-12608;3412608;S6 19.730 E106 49.526;;;Jakarta;46.5;41;87.5;Plumpang
34-12609;3412609;S6 18.818 E106 48.753;;;Jakarta;47.4;44.4;91.8;Plumpang
34-12610;3412610;S6 21.228 E106 48.646;;;Jakarta;49.2;43.7;92.9;Plumpang
34-12611;3412611;S6 20.987 E106 48.116;;;Jakarta;53.2;50.2;103.4;Plumpang
34-12701 (Dex);3412701;S6 15.698 E106 49.740;;;Jakarta;31.3;34.4;65.7;Plumpang
34-12702;3412702;S6 14.377 E106 49.570;;;Jakarta;12.4;15.9;28.3;Plumpang
34-12703 (Dex);3412703;S6 14.829 E106 50.541;;;Jakarta;28.6;23.6;52.2;Plumpang
34-12706;3412706;S6 14.850 E106 49.608;;;Jakarta;30.2;25.2;55.4;Plumpang
34-12707;3412707;S6 14.694 E106 50.557;;;Jakarta;27.2;23.5;50.7;Plumpang
34-12804;3412804;S6 14.140 E106 50.672;;;Jakarta;28;17.6;45.6;Plumpang
34-12805;3412805;S6 13.524 E106 50.476;;;Jakarta;31.2;16.9;48.1;Plumpang
34-12806;3412806;S6 14.319 E106 50.654;;;Jakarta;28.9;22.7;51.6;Plumpang
34-12901;3412901;S6 12.770 E106 50.663;;;Jakarta;25.2;31.2;56.4;Plumpang
34-12902;3412902;S6 13.979 E106 49.347;;;Jakarta;29.6;28;57.6;Plumpang
34-13101;3413101;S6 11.774 E106 52.438;;;Jakarta;16.9;8.8;25.7;Plumpang
34-13102;3413102;S6 12.146 E106 51.383;;;Jakarta;17.2;13;30.2;Plumpang
34-13103;3413103;S6 12.302 E106 51.454;;;Jakarta;17.5;12.7;30.2;Plumpang
34-13202;3413202;S6 10.792 E106 54.205;;;Jakarta;15.3;8.8;24.1;Plumpang
34-13203;3413203;S6 11.004 E106 53.466;;;Jakarta;14.9;10.7;25.6;Plumpang
34-13205;3413205;S6 10.416 E106 53.465;;;Jakarta;14.3;7.4;21.7;Plumpang
34-13206;3413206;S6 11.635 E106 53.234;;;Jakarta;16.3;10.1;26.4;Plumpang
34-13208 (Dex);3413208;S6 11.807 E106 52.481;;;Jakarta;16.7;8.6;25.3;Plumpang
34-13209;3413209;S6 11.563 E106 52.941;;;Jakarta;15.8;8.7;24.5;Plumpang
34-13210;3413210;S6 11.569 E106 52.575;;;Jakarta;14.9;8.3;23.2;Plumpang
34-13302;3413302;S6 14.036 E106 52.586;;;Jakarta;18.8;15;33.8;Plumpang
34-13304;3413304;S6 13.310 E106 52.446;;;Jakarta;17.5;13.5;31;Plumpang
34-13306;3413306;S6 13.187 E106 52.064;;;Jakarta;19.1;12.5;31.6;Plumpang
34-13307;3413307;S6 12.878 E106 51.741;;;Jakarta;19;13.4;32.4;Plumpang
34-13401;3413401;S6 14.842 E106 54.686;;;Jakarta;24.8;18.4;43.2;Plumpang
34-13402;3413402;S6 14.565 E106 54.115;;;Jakarta;9.8;13.8;23.6;Plumpang
34-13403;3413403;S6 14.309 E106 53.948;;;Jakarta;18;20.6;38.6;Plumpang
34-13406;3413406;S6 14.021 E106 56.747;;;Jakarta;26.3;20.7;47;Plumpang
34-13407;3413407;S6 13.526 E106 55.408;;;Jakarta;20.8;17.2;38;Plumpang
34-13409;3413409;S6 13.544 E106 55.388;;;Jakarta;22.3;19.3;41.6;Plumpang
34-13410;3413410;S6 14.255 E106 55.355;;;Jakarta;28.9;18.2;47.1;Plumpang
34-13411;3413411;S6 14.156 E106 56.084;;;Jakarta;27.6;19.5;47.1;Plumpang
34-13412;3413412;S6 13.731 E106 53.525;;;Jakarta;20.8;14.4;35.2;Plumpang
34-13413;3413413;S6 13.313 E106 53.182;;;Jakarta;29.7;13.3;43;Plumpang
34-13414;3413414;S6 13.598 E106 52.798;;;Jakarta;30.3;12.8;43.1;Plumpang
34-13415;3413415;S6 13.619 E106 56.207;;;Jakarta;26.8;19.5;46.3;Plumpang
34-13416;3413416;S6 13.657 E106 55.592;;;Jakarta;24.8;18.4;43.2;Plumpang
34-13417;3413417;S6 14.107 E106 52.658;;;Jakarta;21.1;12.8;33.9;Plumpang
34-13418;3413418;S6 14.788 E106 56.553;;;Jakarta;28.6;22;50.6;Plumpang
34-13419;3413419;S6 14.525 E106 55.229;;;Jakarta;26.9;19.8;46.7;Plumpang
34-13420;3413420;S6 14.350 E106 53.312;;;Jakarta;18.5;14.5;33;Plumpang
34-13421;3413421;S6 13.103 E106 56.560;;;Jakarta;25.4;19.2;44.6;Plumpang
34-13422;3413422;S6 14.882 E106 55.801;;;Jakarta;26.9;20.5;47.4;Plumpang
34-13501;3413501;S6 17.143 E106 51.309;;;Jakarta;20.6;29.1;49.7;Plumpang
34-13502;3413502;S6 17.367 E106 51.353;;;Jakarta;21;28.7;49.7;Plumpang
34-13503;3413503;S6 17.690 E106 52.919;;;Jakarta;29.5;19.7;49.2;Plumpang
34-13504;3413504;S6 17.439 E106 53.060;;;Jakarta;26.6;19.8;46.4;Plumpang
34-13505;3413505;S6 16.854 E106 52.300;;;Jakarta;27.2;18.5;45.7;Plumpang
34-13506;3413506;S6 17.105 E106 52.766;;;Jakarta;21.5;24.1;45.6;Plumpang
34-13602;3413602;S6 15.125 E106 51.880;;;Jakarta;20.4;17.7;38.1;Plumpang
34-13603;3413603;S6 15.121 E106 54.531;;;Jakarta;25.6;19.4;45;Plumpang
34-13604;3413604;S6 15.416 E106 51.827;;;Jakarta;23.2;16.5;39.7;Plumpang
34-13605;3413605;S6 15.091 E106 52.849;;;Jakarta;23.4;15.1;38.5;Plumpang
34-13702;3413702;S6 18.157 E106 51.508;;;Jakarta;25.7;28.9;54.6;Plumpang
34-13703;3413703;S6 19.731 E106 53.173;;;Jakarta;29.9;31.4;61.3;Plumpang
34-13704;3413704;S6 19.266 E106 51.918;;;Jakarta;26.5;28;54.5;Plumpang
34-13706;3413706;S6 21.964 E106 53.321;;;Jakarta;38;30.2;68.2;Plumpang
34-13707;3413707;S6 22.169 E106 53.218;;;Jakarta;31.3;32.4;63.7;Plumpang
34-13708;3413708;S6 20.710 E106 53.001;;;Jakarta;34.4;35.4;69.8;Plumpang
34-13709;3413709;S6 20.436 E106 52.488;;;Jakarta;32.7;33.1;65.8;Plumpang
34-13801;3413801;S6 17.486 E106 53.296;;;Jakarta;27.1;20.4;47.5;Plumpang
34-13802;3413802;S6 17.380 E106 53.787;;;Jakarta;27.1;22.1;49.2;Plumpang
34-13803;3413803;S6 18.996 E106 53.495;;;Jakarta;29.3;24.3;53.6;Plumpang
34-13804;3413804;S6 18.544 E106 52.151;;;Jakarta;29.7;23.9;53.6;Plumpang
34-13805;3413805;S6 18.360 E106 55.003;;;Jakarta;30.2;25.1;55.3;Plumpang
34-13806;3413806;S6 18.435 E106 52.519;;;Jakarta;24.9;24.8;49.7;Plumpang
34-13807;3413807;S6 20.337 E106 54.019;;;Jakarta;29.8;32;61.8;Plumpang
34-13808;3413808;S6 19.914 E106 53.326;;;Jakarta;27.2;30.6;57.8;Plumpang
34-13809;3413809;S6 20.429 E106 53.453;;;Jakarta;39;25.2;64.2;Plumpang
34-13901;3413901;S6 12.700 E106 53.409;;;Jakarta;16.1;14.6;30.7;Plumpang
34-13903;3413903;S6 12.275 E106 56.074;;;Jakarta;15.6;17.2;32.8;Plumpang
34-13905;3413905;S6 12.012 E106 57.347;;;Jakarta;18.5;15.9;34.4;Plumpang
34-13906;3413906;S6 10.224 E106 56.579;;;Jakarta;14.6;16.4;31;Plumpang
34-13907;3413907;S6 12.465 E106 57.239;;;Jakarta;16.2;18;34.2;Plumpang
34-13908;3413908;S6 11.389 E106 58.025;;;Jakarta;18.5;15.3;33.8;Plumpang
34-13909;3413909;S6 12.383 E106 55.376;;;Jakarta;15.9;12.9;28.8;Plumpang
34-13910;3413910;S6 11.132 E106 56.884;;;Jakarta;15.7;17.2;32.9;Plumpang
34-13911;3413911;S6 12.178 E106 56.785;;;Jakarta;15.6;21.1;36.7;Plumpang
34-14101;3414101;S6 08.630 E106 55.360;;;Jakarta;8.1;7.8;15.9;Plumpang
34-14103;3414103;S6 07.886 E106 54.882;;;Jakarta;5.8;9.1;14.9;Plumpang
34-14105;3414105;S6 07.946 E106 56.029;;;Jakarta;11.1;12.2;23.3;Plumpang
34-14106;3414106;S6 06.444 E106 57.747;;;Jakarta;15.3;14.2;29.5;Plumpang
34-14107;3414107;S6 08.296 E106 56.128;;;Jakarta;10;13.5;23.5;Plumpang
34-14108;3414108;S6 06.676 E106 56.908;;;Jakarta;13.8;12.7;26.5;Plumpang
34-14109;3414109;S6 06.181 E106 56.214;;;Jakarta;13.4;10.8;24.2;Plumpang
34-14201;3414201;S6 09.516 E106 54.105;;;Jakarta;11.6;4.9;16.5;Plumpang
34-14203;3414203;S6 07.104 E106 55.494;;;Jakarta;4.9;5.8;10.7;Plumpang
34-14204;3414204;S6 09.189 E106 53.187;;;Jakarta;4.7;5.5;10.2;Plumpang
34-14205;3414205;S6 10.005 E106 54.928;;;Jakarta;14.6;6.6;21.2;Plumpang
34-14206;3414206;S6 09.180 E106 54.969;;;Jakarta;13.9;5.6;19.5;Plumpang
34-14207;3414207;S6 07.743 E106 54.480;;;Jakarta;5;8.3;13.3;Plumpang
34-14208;3414208;S6 08.715 E106 53.713;;;Jakarta;12.5;2.8;15.3;Plumpang
34-14209;3414209;S6 08.066 E106 54.957;;;Jakarta;6.9;7.7;14.6;Plumpang
34-14210;3414210;S6 08.812 E106 53.819;;;Jakarta;12;3.2;15.2;Plumpang
34-14301;3414301;S6 08.309 E106 52.033;;;Jakarta;11.9;7.9;19.8;Plumpang
34-14303;3414303;S6 07.845 E106 49.796;;;Jakarta;14.2;10.2;24.4;Plumpang
34-14304;3414304;S6 06.641 E106 53.017;;;Jakarta;7.6;6.8;14.4;Plumpang
34-14305;3414305;S6 09.718 E106 52.533;;;Jakarta;11.4;11.4;22.8;Plumpang
34-14306;3414306;S6 08.782 E106 52.418;;;Jakarta;11.3;7.4;18.7;Plumpang
34-14307;3414307;S6 08.789 E106 53.143;;;Jakarta;10;4.7;14.7;Plumpang
34-14308;3414308;S6 06.608 E106 53.096;;;Jakarta;6.8;6.4;13.2;Plumpang
34-14310;3414310;S6 08.162 E106 53.455;;;Jakarta;7.7;3.4;11.1;Plumpang
34-14401;3414401;S6 07.542 E106 48.082;;;Jakarta;17.9;14;31.9;Plumpang
34-14402;3414402;S6 07.503 E106 49.795;;;Jakarta;15.4;11;26.4;Plumpang
34-14403;3414403;S6 07.488 E106 47.781;;;Jakarta;18.5;15.1;33.6;Plumpang
34-14404;3414404;S6 08.320 E106 45.798;;;Jakarta;24.6;18.7;43.3;Plumpang
34-14405;3414405;S6 06.404 E106 46.505;;;Jakarta;15.9;11.8;27.7;Plumpang
34-14406;3414406;S6 06.404 E106 46.505;;;Jakarta;23.8;19.2;43;Plumpang
34-14407 (Dex);3414407;S6 07.862 E106 47.493;;;Jakarta;19.6;15.7;35.3;Plumpang
34-14408;3414408;S6 08.057 E106 50.081;;;Jakarta;15.3;10;25.3;Plumpang
34-14409;3414409;S6 06.438 E106 43.178;;;Jakarta;36;24.2;60.2;Plumpang
34-14410;3414410;S6 08.056 E106 45.071;;;Jakarta;25.7;24.5;50.2;Plumpang
34-14411;3414411;S6 07.292 E106 43.945;;;Jakarta;33.9;22;55.9;Plumpang
34-14412;3414412;S6 06.431 E106 48.035;;;Jakarta;19.8;15.9;35.7;Plumpang
34-14413;3414413;S6 08.389 E106 50.839;;;Jakarta;14.2;11;25.2;Plumpang
34-14414;3414414;S6 07.819 E106 48.333;;;Jakarta;17.1;14;31.1;Plumpang
34-14415 (dex);3414415;S6 06.376 E106 44.476;;;Jakarta;26.9;22.9;49.8;Plumpang
34-14416;3414416;S6 06.960 E106 47.131;;;Jakarta;21.5;18;39.5;Plumpang
34-15101;3415101;S6 11.521 E106 38.439;;;Jakarta;51.9;48.8;100.7;Plumpang
34-15102;3415102;S6 13.791 E106 43.377;;;Jakarta;36;34.7;70.7;Plumpang
34-15103;3415103;S6 10.257 E106 36.476;;;Jakarta;42.5;50.8;93.3;Plumpang
34-15104;3415104;S6 11.285 E106 35.988;;;Jakarta;56.1;56.8;112.9;Plumpang
34-15106;3415106;S6 13.173 E106 41.266;;;Jakarta;48.4;42.1;90.5;Plumpang
34-15107;3415107;S6 12.946 E106 37.167;;;Jakarta;50.5;46.4;96.9;Plumpang
34-15108;3415108;S6 09.967 E106 38.988;;;Jakarta;37.6;34.6;72.2;Plumpang
34-15109;3415109;S6 12.101 E106 34.406;;;Jakarta;57.7;55.4;113.1;Plumpang
34-15110;3415110;S6 13.946 E106 43.967;;;Jakarta;34.1;35.7;69.8;Plumpang
34-15111;3415111;S6 11.473 E106 40.144;;;Jakarta;55.4;51.4;106.8;Plumpang
34-15113;3415113;S6 11.584 E106 38.229;;;Jakarta;51.8;46.9;98.7;Plumpang
34-15114;3415114;S6 06.988 E106 40.612;;;Jakarta;32;33.4;65.4;Plumpang
34-15115;3415115;S6 09.633 E106 37.979;;;Jakarta;40;37.8;77.8;Plumpang
34-15116;3415116;S6 12.226 E106 43.035;;;Jakarta;34.7;32.1;66.8;Plumpang
34-15117;3415117;S6 13.921 E106 42.141;;;Jakarta;38;35.9;73.9;Plumpang
34-15118;3415118;S6 13.379 E106 41.579;;;Jakarta;48.6;42.4;91;Plumpang
34-15119;3415119;S6 06.876 E106 41.328;;;Jakarta;35;29.1;64.1;Plumpang
34-15120;3415120;S6 14.193 E106 44.570;;;Jakarta;35.8;32.2;68;Plumpang
34-15121;3415121;S6 10.509 E106 35.937;;;Jakarta;62.4;57.3;119.7;Plumpang
34-15122;3415122;S6 11.424 E106 37.447;;;Jakarta;52.8;46.9;99.7;Plumpang
34-15123;3415123;S6 14.003 E106 43.148;;;Jakarta;36;35.4;71.4;Plumpang
34-15124;3415124;#N/A;;;Jakarta;36;36;72;Plumpang
34-15125;3415125;S6 08.707 E106 37.937;;;Jakarta;38.3;37.9;76.2;Plumpang
34-15126;3415126;S6 14.904 E106 42.107;;;Jakarta;42.3;37.9;80.2;Plumpang
34-15127;3415127;S6 10.298 E106 36.590;;;Jakarta;42.3;50.6;92.9;Plumpang
34-15128;3415128;S6 11.364 E106 35.631;;;Jakarta;60.5;55.5;116;Plumpang
34-15129;3415129;S6 10.497 E106 39.161;;;Jakarta;54.6;35;89.6;Plumpang
34-15130;3415130;S6 13.063 E106 37.883;;;Jakarta;54.4;42.7;97.1;Plumpang
34-15131;3415131;S6 08.508 E106 41.133;;;Jakarta;35.6;32.5;68.1;Plumpang
34-15132;3415132;S6 13.441 E106 38.200;;;Jakarta;48.5;42.6;91.1;Plumpang
34-15133;3415133;S6 08.957 E106 35.460;;;Jakarta;46.7;55;101.7;Plumpang
34-15134;3415134;S6 11.094 E106 38.994;;;Jakarta;55.9;48.8;104.7;Plumpang
34-15135;3415135;S6 11.079 E106 37.108;;;Jakarta;54.6;49.2;103.8;Plumpang
34-15136;3415136;S6 13.380 E106 42.316;;;Jakarta;39.1;34.8;73.9;Plumpang
34-15137;3415137;S6 12.821 E106 40.690;;;Jakarta;42.7;43.2;85.9;Plumpang
34-15138;3415138;S6 12.876 E106 40.902;;;Jakarta;47;40.8;87.8;Plumpang
34-15139;3415139;S6 12.547 E106 41.316;;;Jakarta;48.4;42.2;90.6;Plumpang
34-15140;3415140;S6 10.406 E106 40.753;;;Jakarta;35.3;32.3;67.6;Plumpang
34-15141;3415141;S6 14.548 E106 42.756;;;Jakarta;53.8;40.7;94.5;Plumpang
34-15142;3415142;S6 13.541 E106 42.741;;;Jakarta;36.6;35.9;72.5;Plumpang
34-15143;3415143;S6 10.427 E106 37.520;;;Jakarta;54.8;48.4;103.2;Plumpang
34-15144;3415144;S6 09.855 E106 40.568;;;Jakarta;58.3;31.6;89.9;Plumpang
34-15145;3415145;S6 08.929 E106 40.449;;;Jakarta;37.1;34.2;71.3;Plumpang
34-15146;3415146;S6 09.699 E106 38.661;;;Jakarta;55.3;36.4;91.7;Plumpang
34-15147;3415147;S6 11.960 E106 41.800;;;Jakarta;37.1;34.3;71.4;Plumpang
34-15148;3415148;S6 09.334 E106 39.808;;;Jakarta;36.9;35.6;72.5;Plumpang
34-15149;3415149;S6 13.698 E106 43.061;;;Jakarta;56.1;39.1;95.2;Plumpang
34-15150;3415150;S6 13.005 E106 37.891;;;Jakarta;47.2;49.9;97.1;Plumpang
34-15201;3415201;S6 15.678 E106 44.345;;;Jakarta;36.2;35.7;71.9;Plumpang
34-15202;3415202;S6 04.380 E106 39.527;;;Jakarta;43.9;38.6;82.5;Plumpang
34-15204;3415204;S6 16.068 E106 42.393;;;Jakarta;49.4;49.1;98.5;Plumpang
34-15205;3415205;S6 05.654 E106 41.398;;;Jakarta;34.2;32.6;66.8;Plumpang
34-15206;3415206;S6 16.527 E106 41.705;;;Jakarta;50.8;50.2;101;Plumpang
34-15207;3415207;S6 14.676 E106 41.668;;;Jakarta;42.4;38;80.4;Plumpang
34-15208;3415208;S6 16.467 E106 42.390;;;Jakarta;48.5;48.1;96.6;Plumpang
34-15209;3415209;S6 16.344 E106 44.960;;;Jakarta;50.1;40.1;90.2;Plumpang
34-15210;3415210;S6 05.423 E106 42.645;;;Jakarta;38;32.6;70.6;Plumpang
34-15301;3415301;S6 15.676 E106 39.217;;;Jakarta;56.4;45.6;102;Plumpang
34-15302;3415302;S6 15.033 E106 39.005;;;Jakarta;52;51.6;103.6;Plumpang
34-15304;3415304;S6 15.698 E106 45.401;;;Jakarta;34.2;33.6;67.8;Plumpang
34-15305;3415305;S6 17.413 E106 39.932;;;Jakarta;57;54.6;111.6;Plumpang
34-15306;3415306;S6 15.663 E106 36.340;;;Jakarta;55.5;49.1;104.6;Plumpang
34-15307;3415307;S6 20.843 E106 41.450;;;Jakarta;57.3;55.6;112.9;Plumpang
34-15308;3415308;S6 18.880 E106 42.081;;;Jakarta;52.8;51.6;104.4;Plumpang
34-15309;3415309;S6 18.985 E106 40.696;;;Jakarta;53.3;52.3;105.6;Plumpang
34-15310;3415310;S6 19.450 E106 34.771;;;Jakarta;63.5;66.7;130.2;Plumpang
34-15311;3415311;S6 19.300 E106 38.458;;;Jakarta;58.6;58.3;116.9;Plumpang
34-15312;3415312;S6 20.347 E106 40.351;;;Jakarta;57.1;55.4;112.5;Plumpang
34-15314;3415314;S6 19.398 E106 41.008;;;Jakarta;54.2;52.5;106.7;Plumpang
34-15315;3415315;S6 14.432 E106 40.231;;;Jakarta;48.9;40.7;89.6;Plumpang
34-15316;3415316;S6 17.989 E106 40.101;;;Jakarta;53.8;50.5;104.3;Plumpang
34-15317;3415317;S6 18.817 E106 41.535;;;Jakarta;51.8;50.6;102.4;Plumpang
34-15318;3415318;S6 17.666 E106 40.836;;;Jakarta;52.4;50.8;103.2;Plumpang
34-15319;3415319;S6 14.329 E106 39.551;;;Jakarta;48.2;41.3;89.5;Plumpang
34-15320;3415320;S6 13.873 E106 40.880;;;Jakarta;49.1;43.9;93;Plumpang
34-15321;3415321;S6 19.591 E106 36.231;;;Jakarta;63;63.2;126.2;Plumpang
34-15322;3415322;S6 20.624 E106 41.209;;;Jakarta;32.6;38;70.6;Plumpang
34-15401;3415401;S6 19.275 E106 44.743;;;Jakarta;41.5;41;82.5;Plumpang
34-15402;3415402;S6 19.086 E106 46.142;;;Jakarta;40.1;38.3;78.4;Plumpang
34-15403;3415403;S6 20.182 E106 44.395;;;Jakarta;43.6;42.1;85.7;Plumpang
34-15404;3415404;S6 18.643 E106 46.290;;;Jakarta;39.2;37.5;76.7;Plumpang
34-15405;3415405;S6 18.747 E106 45.101;;;Jakarta;41.6;38.3;79.9;Plumpang
34-15406;3415406;S6 18.977 E106 44.478;;;Jakarta;41.6;39.9;81.5;Plumpang
34-15407;3415407;S6 20.902 E106 44.228;;;Jakarta;45.5;43.9;89.4;Plumpang
34-15408;3415408;S6 18.036 E106 43.870;;;Jakarta;47.6;47.8;95.4;Plumpang
34-15409;3415409;S6 21.626 E106 44.915;;;Jakarta;46.4;44.3;90.7;Plumpang
34-15410;3415410;S6 16.857 E106 44.776;;;Jakarta;42.3;41.4;83.7;Plumpang
34-15411;3415411;S6 20.737 E106 45.221;;;Jakarta;43.2;43.2;86.4;Plumpang
34-15412;3415412;S6 18.367 E106 43.123;;;Jakarta;44.8;43.1;87.9;Plumpang
34-15413;3415413;S6 20.758 E106 42.750;;;Jakarta;47.3;45.9;93.2;Plumpang
34-15414;3415414;S6 20.644 E106 45.930;;;Jakarta;43;41.3;84.3;Plumpang
34-15415;3415415;S6 19.621 E106 44.839;;;Jakarta;42.6;40.5;83.1;Plumpang
34-15416;3415416;S6 18.084 E106 45.080;;;Jakarta;39.8;38.2;78;Plumpang
34-15417;3415417;S6 20.677 E106 43.218;;;Jakarta;46.4;45;91.4;Plumpang
34-15418;3415418;S6 20.178 E106 44.940;;;Jakarta;43.7;41.6;85.3;Plumpang
34-15420;3415420;S6 19.333 E106 42.531;;;Jakarta;54.8;53.6;108.4;Plumpang
34-15421;3415421;S6 17.478 E106 43.865;;;Jakarta;48.1;46.5;94.6;Plumpang
34-15423;3415423;S6 18.073 E106 42.890;;;Jakarta;51.8;49.9;101.7;Plumpang
34-15424;3415424;S6 17.157 E106 43.559;;;Jakarta;47.3;45.6;92.9;Plumpang
34-15425;3415425;S6 17.704 E106 42.816;;;Jakarta;58.4;46.6;105;Plumpang
34-15426;3415426;S6 19.310 E106 44.801;;;Jakarta;42.7;39.9;82.6;Plumpang
34-15501;3415501;S6 07.298 E106 34.752;;;Jakarta;62.1;49.4;111.5;Plumpang
34-15502;3415502;S6 10.281 E106 33.436;;;Jakarta;64.9;58;122.9;Plumpang
34-15503;3415503;S6 04.547 E106 32.284;;;Jakarta;63.8;67.8;131.6;Plumpang
34-15504;3415504;S6 02.890 E106 35.930;;;Jakarta;53.7;43.6;97.3;Plumpang
34-15505;3415505;S6 08.715 E106 31.662;;;Jakarta;71;64.1;135.1;Plumpang
34-15506;3415506;S6 10.850 E106 31.767;;;Jakarta;56.7;65.3;122;Plumpang
34-15507;3415507;S6 07.733 E106 35.306;;;Jakarta;48.6;56.9;105.5;Plumpang
34-15508;3415508;S6 06.084 E106 38.307;;;Jakarta;41.3;39.2;80.5;Plumpang
34-15509;3415509;S6 09.217 E106 35.101;;;Jakarta;52.7;47.8;100.5;Plumpang
34-15510;3415510;S6 04.761 E106 25.204;;;Jakarta;83.1;77.8;160.9;Plumpang
34-15511;3415511;S6 05.742 E106 38.288;;;Jakarta;41.9;39.8;81.7;Plumpang
34-15512;3415512;S6 10.348 E106 32.862;;;Jakarta;58.4;62.5;120.9;Plumpang
34-15601;3415601;S6 12.166 E106 27.183;;;Jakarta;60.2;64.1;124.3;Plumpang
34-15605;3415605;S6 12.984 E106 26.590;;;Jakarta;62.1;66;128.1;Plumpang
34-15606;3415606;S6 11.623 E106 25.484;;;Jakarta;133;101;234;Plumpang
34-15607;3415607;S6 11.119 E106 24.474;;;Jakarta;73.9;104;177.9;Plumpang
34-15608;3415608;S6 11.313 E106 27.467;;;Jakarta;59.4;63.1;122.5;Plumpang
34-15701;3415701;S6 13.413 E106 31.691;;;Jakarta;60.4;54.6;115;Plumpang
34-15703;3415703;S6 12.743 E106 23.537;;;Jakarta;70.8;79.9;150.7;Plumpang
34-15704;3415704;S6 15.574 E106 29.138;;;Jakarta;69.1;62.6;131.7;Plumpang
34-15705;3415705;S6 12.081 E106 31.420;;;Jakarta;52.1;55.8;107.9;Plumpang
34-15706;3415706;S6 11.788 E106 28.310;;;Jakarta;57.5;61.1;118.6;Plumpang
34-15708;3415708;S6 13.812 E106 30.065;;;Jakarta;64.4;64.4;128.8;Plumpang
34-15709;3415709;S6 15.323 E106 25.423;;;Jakarta;68.9;78.1;147;Plumpang
34-15710;3415710;S6 15.156 E106 31.236;;;Jakarta;56.5;62.2;118.7;Plumpang
34-15711;3415711;S6 14.516 E106 28.341;;;Jakarta;63.5;73.7;137.2;Plumpang
34-15712;3415712;S6 13.418 E106 32.639;;;Jakarta;58.3;52.6;110.9;Plumpang
34-15713;3415713;S6 17.137 E106 24.907;;;Jakarta;70.8;74.7;145.5;Plumpang
34-15802;3415802;S6 16.320 E106 33.394;;;Jakarta;52.9;57.1;110;Plumpang
34-15804;3415804;S6 15.197 E106 33.662;;;Jakarta;50.8;54.9;105.7;Plumpang
34-15805;3415805;S6 13.064 E106 36.086;;;Jakarta;43.2;47.1;90.3;Plumpang
34-15806;3415806;S6 12.935 E106 33.806;;;Jakarta;47.1;50.5;97.6;Plumpang
34-15807;3415807;S6 14.601 E106 37.594;;;Jakarta;42.6;51.1;93.7;Plumpang
34-15810;3415810;S6 19.106 E106 35.227;;;Jakarta;64.2;67.3;131.5;Plumpang
34-15811;3415811;S6 14.292 E106 35.002;;;Jakarta;46.7;56.2;102.9;Plumpang
34-15813;3415813;S6 16.415 E106 35.892;;;Jakarta;57.1;50.7;107.8;Plumpang
34-15814;3415814;S6 13.720 E106 38.015;;;Jakarta;50.6;45.5;96.1;Plumpang
34-15815;3415815;S6 15.003 E106 37.488;;;Jakarta;53.3;46.4;99.7;Plumpang
34-16102;3416102;S6 34.730 E106 48.397;;;Jakarta;65;57.4;122.4;Plumpang
34-16103;3416103;S6 35.017 E106 46.181;;;Jakarta;65.4;67.5;132.9;Plumpang
34-16104;3416104;S6 33.372 E106 48.976;;;Jakarta;62.5;58.6;121.1;Plumpang
34-16105;3416105;S6 38.403 E106 50.091;;;Jakarta;65.7;66;131.7;Plumpang
34-16106;3416106;S6 34.057 E106 48.265;;;Jakarta;64.5;57.1;121.6;Plumpang
34-16107;3416107;S6 37.129 E106 48.798;;;Jakarta;61.8;66.1;127.9;Plumpang
34-16108;3416108;S6 36.779 E106 48.763;;;Jakarta;60.4;61;121.4;Plumpang
34-16109;3416109;S6 33.955 E106 48.610;;;Jakarta;63.5;55.8;119.3;Plumpang
34-16110;3416110;S6 34.673 E106 45.544;;;Jakarta;66.8;68.9;135.7;Plumpang
34-16111;3416111;S6 37.890 E106 49.499;;;Jakarta;62.9;64.5;127.4;Plumpang
34-16112;3416112;S6 34.373 E106 45.205;;;Jakarta;68.1;66;134.1;Plumpang
34-16113;3416113;S6 34.137 E106 45.974;;;Jakarta;66.4;66.51;132.91;Plumpang
34-16114;3416114;S6 37.229 E106 48.445;;;Jakarta;63.2;67.9;131.1;Plumpang
34-16115;3416115;S6 35.688 E106 47.051;;;Jakarta;63;65.1;128.1;Plumpang
34-16116;3416116;S6 33.592 E106 47.174;;;Jakarta;64.9;58.5;123.4;Plumpang
34-16117;3416117;S6 35.870 E106 46.730;;;Jakarta;63.8;65.8;129.6;Plumpang
34-16119;3416119;S6 32.424 E106 46.318;;;Jakarta;67.1;61.4;128.5;Plumpang
34-16120;3416120;S6 33.414 E106 46.896;;;Jakarta;64.8;60;124.8;Plumpang
34-16121;3416121;S6 36.712 E106 48.112;;;Jakarta;63.6;69.1;132.7;Plumpang
34-16122;3416122;S6 34.385 E106 44.648;;;Jakarta;68.7;70.8;139.5;Plumpang
34-16301;3416301;S6 30.457 E106 45.481;;;Jakarta;64.2;68.2;132.4;Plumpang
34-16302;3416302;S6 23.066 E106 42.307;;;Jakarta;63.7;58.17;121.87;Plumpang
34-16303;3416303;S6 28.811 E106 43.909;;;Jakarta;68.8;72.4;141.2;Plumpang
34-16304;3416304;S6 31.637 E106 45.861;;;Jakarta;68.8;63;131.8;Plumpang
34-16305;3416305;S6 30.830 E106 51.803;;;Jakarta;56.3;50;106.3;Plumpang
34-16306;3416306;S6 25.996 E106 42.659;;;Jakarta;61.1;55.4;116.5;Plumpang
34-16308;3416308;S6 27.582 E106 40.032;;;Jakarta;67;61.4;128.4;Plumpang
34-16309;3416309;S6 29.507 E106 44.480;;;Jakarta;68.8;70.4;139.2;Plumpang
34-16310;3416310;S6 25.797 E106 41.588;;;Jakarta;68.3;67.17;135.47;Plumpang
34-16311;3416311;S6 27.226 E106 43.891;;;Jakarta;61.3;75.5;136.8;Plumpang
34-16312;3416312;S6 23.498 E106 32.522;;;Jakarta;84.2;84.2;168.4;Plumpang
34-16313;3416313;S6 24.280 E106 43.310;;;Jakarta;60.6;55.07;115.67;Plumpang
34-16314;3416314;S6 23.320 E106 37.917;;;Jakarta;65.9;65.9;131.8;Plumpang
34-16315;3416315;S6 24.586 E106 43.580;;;Jakarta;59.7;54.1;113.8;Plumpang
34-16316;3416316;S6 20.784 E106 33.678;;;Jakarta;78.4;78.4;156.8;Plumpang
34-16317;3416317;S6 22.547 E106 40.931;;;Jakarta;61.5;62.47;123.97;Plumpang
34-16318;3416318;S6 24.525 E106 41.781;;;Jakarta;38.4;43.8;82.2;Plumpang
34-16401;3416401;S6 24.335 E106 51.089;;;Jakarta;43.5;38.3;81.8;Plumpang
34-16402;3416402;S6 22.518 E106 49.914;;;Jakarta;42.2;36;78.2;Plumpang
34-16403;3416403;S6 23.782 E106 46.695;;;Jakarta;48.3;48.3;96.6;Plumpang
34-16404;3416404;S6 24.004 E106 49.561;;;Jakarta;45.9;38.8;84.7;Plumpang
34-16405;3416405;S6 25.385 E106 51.401;;;Jakarta;43.7;38.3;82;Plumpang
34-16406;3416406;S6 23.037 E106 49.774;;;Jakarta;44.8;36.1;80.9;Plumpang
34-16407;3416407;S6 23.802 E106 48.331;;;Jakarta;46.9;39.8;86.7;Plumpang
34-16408;3416408;S6 25.935 E106 48.597;;;Jakarta;65.4;59.6;125;Plumpang
34-16409;3416409;S6 23.361 E106 46.103;;;Jakarta;43.2;43.2;86.4;Plumpang
34-16410;3416410;S6 22.850 E106 51.364;;;Jakarta;40.7;34.8;75.5;Plumpang
34-16411;3416411;S6 24.261 E106 49.133;;;Jakarta;45.8;39;84.8;Plumpang
34-16412;3416412;S6 22.439 E106 48.805;;;Jakarta;47;40;87;Plumpang
34-16413;3416413;S6 24.078 E106 48.483;;;Jakarta;46.7;39.6;86.3;Plumpang
34-16414;3416414;S6 26.714 E106 49.763;;;Jakarta;64.2;58.7;122.9;Plumpang
34-16415;3416415;S6 23.552 E106 50.553;;;Jakarta;46.7;42.2;88.9;Plumpang
34-16416;3416416;S6 24.234 E106 50.251;;;Jakarta;46.5;40.4;86.9;Plumpang
34-16417;3416417;S6 22.879 E106 48.505;;;Jakarta;48.7;41.6;90.3;Plumpang
34-16418;3416418;S6 22.373 E106 52.314;;;Jakarta;34;34.3;68.3;Plumpang
34-16419;3416419;S6 23.102 E106 52.958;;;Jakarta;33.3;34.4;67.7;Plumpang
34-16420;3416420;S6 26.347 E106 47.853;;;Jakarta;45.1;48.4;93.5;Plumpang
34-16501;3416501;S6 22.770 E106 44.758;;;Jakarta;58.8;46.4;105.2;Plumpang
34-16503;3416503;S6 19.237 E106 47.024;;;Jakarta;36.11;36.11;72.22;Plumpang
34-16504;3416504;S6 19.089 E106 47.357;;;Jakarta;35.2;35.2;70.4;Plumpang
34-16505;3416505;S6 20.535 E106 46.748;;;Jakarta;38.4;38.4;76.8;Plumpang
34-16506;3416506;S6 24.306 E106 44.730;;;Jakarta;55.5;49.8;105.3;Plumpang
34-16507;3416507;S6 24.920 E106 44.038;;;Jakarta;57.5;51.9;109.4;Plumpang
34-16508;3416508;S6 20.105 E106 47.727;;;Jakarta;39.4;39.4;78.8;Plumpang
34-16509;3416509;S6 23.981 E106 46.322;;;Jakarta;45.5;45.5;91;Plumpang
34-16510;3416510;S6 22.955 E106 47.427;;;Jakarta;44.9;44.9;89.8;Plumpang
34-16511;3416511;S6 24.056 E106 46.290;;;Jakarta;45.69;45.69;91.38;Plumpang
34-16512;3416512;S6 21.991 E106 46.513;;;Jakarta;41.3;41.3;82.6;Plumpang
34-16601;3416601;S6 30.008 E106 29.419;;;Jakarta;110;105.99;215.99;Plumpang
34-16602;3416602;S6 33.501 E106 42.679;;;Jakarta;73.1;75.2;148.3;Plumpang
34-16603;3416603;S6 34.381 E106 37.841;;;Jakarta;110;84.49;194.49;Plumpang
34-16604;3416604;S6 34.586 E106 39.091;;;Jakarta;107;81.69;188.69;Plumpang
34-16605;3416605;S6 34.100 E106 44.289;;;Jakarta;69.6;71.7;141.3;Plumpang
34-16606;3416606;S6 37.617 E106 46.772;;;Jakarta;64.9;74.4;139.3;Plumpang
34-16607;3416607;S6 33.861 E106 40.663;;;Jakarta;77.4;79.5;156.9;Plumpang
34-16608;3416608;S6 34.009 E106 35.874;;;Jakarta;114;88.79;202.79;Plumpang
34-16609;3416609;S6 33.825 E106 33.506;;;Jakarta;119;93.69;212.69;Plumpang
34-16701;3416701;S6 39.084 E106 53.405;;;Jakarta;72.6;66.5;139.1;Plumpang
34-16702;3416702;S6 43.047 E106 49.188;;;Jakarta;72.4;71.3;143.7;Plumpang
34-16703;3416703;S6 39.584 E106 50.735;;;Jakarta;63.9;62.6;126.5;Plumpang
34-16704;3416704;S6 34.581 E106 50.295;;;Jakarta;58.9;60.2;119.1;Plumpang
34-16705;3416705;S6 27.936 E106 49.443;;;Jakarta;61.6;55.7;117.3;Plumpang
34-16706;3416706;S6 39.084 E106 53.110;;;Jakarta;72;65.9;137.9;Plumpang
34-16707;3416707;S6 31.711 E106 50.980;;;Jakarta;55.3;48.3;103.6;Plumpang
34-16708;3416708;S6 38.234 E106 50.620;;;Jakarta;70.8;60.1;130.9;Plumpang
34-16709;3416709;S6 41.607 E106 57.775;;;Jakarta;83.2;77.1;160.3;Plumpang
34-16710;3416710;S6 39.765 E106 51.247;;;Jakarta;70.2;63.5;133.7;Plumpang
34-16711;3416711;S6 39.470 E106 51.453;;;Jakarta;69.3;64.4;133.7;Plumpang
34-16712;3416712;S6 31.262 E106 50.404;;;Jakarta;55.8;50.3;106.1;Plumpang
34-16713;3416713;S6 41.419 E106 50.745;;;Jakarta;67.6;66.3;133.9;Plumpang
34-16714;3416714;S6 42.670 E106 56.740;;;Jakarta;83.2;77.1;160.3;Plumpang
34-16715;3416715;S6 33.196 E106 48.462;;;Jakarta;63;59.1;122.1;Plumpang
34-16716;3416716;S6 33.021 E106 49.283;;;Jakarta;63.4;59.6;123;Plumpang
34-16717;3416717;S6 41.595 E106 50.308;;;Jakarta;68.4;67.2;135.6;Plumpang
34-16718;3416718;S6 45.135 E106 47.958;;;Jakarta;77.8;77.6;155.4;Plumpang
34-16801;3416801;S6 26.886 E106 54.938;;;Jakarta;49.4;42.8;92.2;Plumpang
34-16802;3416802;S6 28.196 E107 04.265;;;Jakarta;58.1;52.5;110.6;Plumpang
34-16803;3416803;S6 28.740 E106 51.822;;;Jakarta;49.4;47.3;96.7;Plumpang
34-16804;3416804;S6 24.177 E106 57.918;;;Jakarta;44.6;38.5;83.1;Plumpang
34-16805;3416805;S6 24.972 E107 01.521;;;Jakarta;51.9;45.7;97.6;Plumpang
34-16806;3416806;S6 26.276 E106 57.300;;;Jakarta;48.2;42.6;90.8;Plumpang
34-16807;3416807;S6 31.055 E107 07.583;;;Jakarta;71.8;66.2;138;Plumpang
34-16808;3416808;S6 22.423 E106 58.300;;;Jakarta;48.2;42;90.2;Plumpang
34-16809;3416809;S6 26.564 E106 56.857;;;Jakarta;49.1;43.6;92.7;Plumpang
34-16810;3416810;S6 23.060 E106 56.121;;;Jakarta;40.4;33.8;74.2;Plumpang
34-16811;3416811;S6 24.599 E106 59.344;;;Jakarta;47.3;41.1;88.4;Plumpang
34-16812;3416812;S6 29.205 E107 06.536;;;Jakarta;66.8;61.2;128;Plumpang
34-16813;3416813;S6 34.108 E106 51.352;;;Jakarta;59.2;54.7;113.9;Plumpang
34-16814;3416814;S6 23.541 E106 57.368;;;Jakarta;42.5;38.8;81.3;Plumpang
34-16815;3416815;S6 24.506 E106 58.864;;;Jakarta;46.4;40.2;86.6;Plumpang
34-16816;3416816;S6 22.030 E106 58.473;;;Jakarta;49.6;42.8;92.4;Plumpang
34-16817;3416817;S6 24.437 E106 58.457;;;Jakarta;45.8;39.3;85.1;Plumpang
34-16818;3416818;S6 29.234 E106 53.039;;;Jakarta;49.4;44.1;93.5;Plumpang
34-16819;3416819;S6 23.313 E106 58.115;;;Jakarta;46.4;40.2;86.6;Plumpang
34-16820;3416820;S6 25.546 E107 02.193;;;Jakarta;53.5;47.3;100.8;Plumpang
34-16821;3416821;S6 33.049 E106 51.118;;;Jakarta;50.8;53;103.8;Plumpang
34-16822;3416822;S6 23.444 E106 58.788;;;Jakarta;41.3;43.6;84.9;Plumpang
34-16901;3416901;S6 30.729 E106 50.456;;;Jakarta;57.1;51.6;108.7;Plumpang
34-16902;3416902;S6 27.044 E106 51.179;;;Jakarta;53.1;47.1;100.2;Plumpang
34-16903;3416903;S6 27.871 E106 53.546;;;Jakarta;46;39.6;85.6;Plumpang
34-16904;3416904;S6 29.154 E106 52.484;;;Jakarta;48.3;42.1;90.4;Plumpang
34-16905;3416905;S6 32.853 E106 50.976;;;Jakarta;60;49.4;109.4;Plumpang
34-16906;3416906;S6 28.593 E106 50.772;;;Jakarta;52.9;47;99.9;Plumpang
34-16907;3416907;S6 28.378 E106 53.151;;;Jakarta;47.1;40;87.1;Plumpang
34-16908;3416908;S6 21.310 E106 50.745;;;Jakarta;41.4;32.2;73.6;Plumpang
34-16909;3416909;S6 23.166 E106 52.070;;;Jakarta;39.2;33.9;73.1;Plumpang
34-16910;3416910;S6 21.321 E106 51.235;;;Jakarta;36.4;31.3;67.7;Plumpang
34-16911;3416911;S6 30.584 E106 48.384;;;Jakarta;60.6;54.6;115.2;Plumpang
34-16912;3416912;S6 22.100 E106 51.599;;;Jakarta;36;31.8;67.8;Plumpang
34-16913;3416913;S6 27.008 E106 54.565;;;Jakarta;48.3;41.8;90.1;Plumpang
34-16914;3416914;S6 22.533 E106 56.714;;;Jakarta;43.1;36;79.1;Plumpang
34-16915;3416915;S6 22.256 E106 53.781;;;Jakarta;35.4;28.7;64.1;Plumpang
34-16916;3416916;S6 31.059 E106 50.190;;;Jakarta;56.3;50.9;107.2;Plumpang
34-16917;3416917;S6 24.385 E106 53.441;;;Jakarta;43.2;37.2;80.4;Plumpang
34-16918;3416918;S6 29.927 E106 47.695;;;Jakarta;61.1;55.2;116.3;Plumpang
34-16919;3416919;S6 26.654 E106 52.303;;;Jakarta;44.4;38.4;82.8;Plumpang
34-16920;3416920;S6 26.572 E106 51.226;;;Jakarta;53.9;48;101.9;Plumpang
34-16921;3416921;S6 28.552 E106 48.213;;;Jakarta;59.1;53.2;112.3;Plumpang
34-16922;3416922;S6 32.131 E106 48.411;;;Jakarta;65;61.1;126.1;Plumpang
34-16923;3416923;S6 19.162 E106 57.959;;;Jakarta;50.4;43.4;93.8;Plumpang
34-16924;3416924;S6 21.211 E106 51.619;;;Jakarta;37.2;32.1;69.3;Plumpang
34-16925;3416925;S6 24.945 E106 56.404;;;Jakarta;44.4;38.1;82.5;Plumpang
34-16926;3416926;S6 28.341 E106 49.325;;;Jakarta;58.5;52.6;111.1;Plumpang
34-16927;3416927;S6 24.405 E106 56.159;;;Jakarta;42.8;36.6;79.4;Plumpang
34-16928;3416928;S6 20.832 E106 57.684;;;Jakarta;46.9;39.8;86.7;Plumpang
34-16929;3416929;S6 27.705 E106 53.532;;;Jakarta;45.9;39.5;85.4;Plumpang
34-16930;3416930;S6 28.508 E106 49.788;;;Jakarta;59.5;53.7;113.2;Plumpang
34-16931;3416931;S6 28.871 E106 52.048;;;Jakarta;49.9;42.9;92.8;Plumpang
34-16932;3416932;S6 22.599 E106 53.227;;;Jakarta;36.2;31.1;67.3;Plumpang
34-16933;3416933;S6 29.118 E106 50.164;;;Jakarta;55.1;48.9;104;Plumpang
34-16934;3416934;S6 28.078 E106 50.429;;;Jakarta;54.4;48.5;102.9;Plumpang
34-16935;3416935;S6 29.346 E106 50.649;;;Jakarta;54.5;48.5;103;Plumpang
34-16936;3416936;S6 27.177 E106 53.885;;;Jakarta;47.3;40.8;88.1;Plumpang
34-16937;3416937;S6 24.326 E106 54.279;;;Jakarta;41.2;34.8;76;Plumpang
34-16938;3416938;S6 29.991 E106 46.349;;;Jakarta;70.1;70.8;140.9;Plumpang
34-16939;3416939;S6 27.788 E106 52.919;;;Jakarta;38.9;43.5;82.4;Plumpang
34-17101;3417101;S6 17.201 E106 59.191;;;Jakarta;31.8;36.4;68.2;Plumpang
34-17104;3417104;S6 19.750 E106 58.906;;;Jakarta;38.3;38.3;76.6;Plumpang
34-17105;3417105;S6 16.763 E106 58.358;;;Jakarta;32.3;37.4;69.7;Plumpang
34-17106;3417106;S6 14.292 E107 00.063;;;Jakarta;29.8;27.3;57.1;Plumpang
34-17107;3417107;S6 13.316 E107 00.912;;;Jakarta;32.2;29.7;61.9;Plumpang
34-17110;3417110;S6 12.092 E106 58.588;;;Jakarta;17.3;28.8;46.1;Plumpang
34-17111;3417111;S6 15.010 E107 00.880;;;Jakarta;32.7;32.7;65.4;Plumpang
34-17112;3417112;S6 11.600 E106 58.289;;;Jakarta;16.6;17.5;34.1;Plumpang
34-17113;3417113;S6 17.513 E106 59.094;;;Jakarta;32.4;37;69.4;Plumpang
34-17114;3417114;S6 15.714 E106 59.915;;;Jakarta;33.7;29.8;63.5;Plumpang
34-17115;3417115;S6 16.463 E106 56.103;;;Jakarta;30.2;25.1;55.3;Plumpang
34-17116;3417116;S6 13.995 E106 57.936;;;Jakarta;34.2;31.7;65.9;Plumpang
34-17117;3417117;S6 12.537 E106 58.640;;;Jakarta;34.4;22.3;56.7;Plumpang
34-17121;3417121;S6 11.923 E106 59.396;;;Jakarta;18.8;18.5;37.3;Plumpang
34-17122;3417122;S6 15.420 E106 59.301;;;Jakarta;32.9;28.9;61.8;Plumpang
34-17123;3417123;S6 11.125 E106 58.656;;;Jakarta;55.8;39.1;94.9;Plumpang
34-17124;3417124;S6 15.674 E107 00.026;;;Jakarta;29.2;34.9;64.1;Plumpang
34-17125;3417125;S6 14.796 E106 57.907;;;Jakarta;21.9;27;48.9;Plumpang
34-17128;3417128;S6 16.512 E106 54.786;;;Jakarta;20.2;24.9;45.1;Plumpang
34-17129;3417129;S6 14.526 E107 00.890;;;Jakarta;32;37;69;Plumpang
34-17130;3417130;S6 10.604 E106 59.954;;;Jakarta;22.3;21.9;44.2;Plumpang
34-17131;3417131;S6 16.152 E107 00.078;;;Jakarta;30.3;34.9;65.2;Plumpang
34-17132;3417132;S6 18.891 E106 59.888;;;Jakarta;36.2;40.8;77;Plumpang
34-17134;3417134;S6 14.956 E106 57.570;;;Jakarta;24.2;28.1;52.3;Plumpang
34-17136;3417136;S6 12.399 E107 01.042;;;Jakarta;22.4;23.9;46.3;Plumpang
34-17137;3417137;S6 13.623 E106 59.203;;;Jakarta;37.6;24.9;62.5;Plumpang
34-17138;3417138;S6 13.257 E106 57.883;;;Jakarta;34;33.7;67.7;Plumpang
34-17139;3417139;S6 13.285 E107 01.094;;;Jakarta;24.1;33.3;57.4;Plumpang
34-17140;3417140;S6 12.215 E107 00.198;;;Jakarta;20.4;20;40.4;Plumpang
34-17141;3417141;S6 15.492 E106 59.628;;;Jakarta;28.4;33;61.4;Plumpang
34-17143;3417143;S6 15.566 E106 57.565;;;Jakarta;26.7;26.7;53.4;Plumpang
34-17144;3417144;S6 14.980 E107 00.009;;;Jakarta;37.5;32.2;69.7;Plumpang
34-17145;3417145;S6 16.356 E106 59.580;;;Jakarta;34.7;30.7;65.4;Plumpang
34-17148;3417148;S6 11.356 E107 00.392;;;Jakarta;22.4;22.4;44.8;Plumpang
34-17201;3417201;S6 06.896 E106 59.642;;;Jakarta;20;20.4;40.4;Plumpang
34-17202;3417202;S6 09.724 E106 59.381;;;Jakarta;22.9;22.9;45.8;Plumpang
34-17203;3417203;S6 07.909 E106 59.512;;;Jakarta;12.2;13;25.2;Plumpang
34-17204;3417204;S6 09.782 E107 00.342;;;Jakarta;21.7;28;49.7;Plumpang
34-17205;3417205;S6 09.605 E106 58.484;;;Jakarta;19.9;25.3;45.2;Plumpang
34-17401;3417401;S6 17.157 E106 55.377;;;Jakarta;33.9;22.9;56.8;Plumpang
34-17402;3417402;S6 17.321 E106 56.361;;;Jakarta;37.7;32.6;70.3;Plumpang
34-17403;3417403;S6 16.228 E106 54.695;;;Jakarta;24.4;20.3;44.7;Plumpang
34-17404;3417404;S6 22.502 E106 54.872;;;Jakarta;37;31.1;68.1;Plumpang
34-17405;3417405;S6 18.681 E106 55.468;;;Jakarta;25;30.2;55.2;Plumpang
34-17406;3417406;S6 22.826 E106 55.380;;;Jakarta;34.7;35.4;70.1;Plumpang
34-17407;3417407;S6 18.129 E106 57.387;;;Jakarta;35.6;29.9;65.5;Plumpang
34-17408;3417408;S6 16.211 E106 57.020;;;Jakarta;29.3;28.7;58;Plumpang
34-17409;3417409;S6 17.200 E106 57.067;;;Jakarta;36.5;31.2;67.7;Plumpang
34-17410;3417410;S6 21.137 E106 55.286;;;Jakarta;38.9;34.8;73.7;Plumpang
34-17411;3417411;S6 22.167 E106 55.168;;;Jakarta;36.8;32.1;68.9;Plumpang
34-17412;3417412;S6 15.458 E106 57.034;;;Jakarta;27.5;24.9;52.4;Plumpang
34-17413;3417413;S6 17.579 E106 57.676;;;Jakarta;36.1;29.6;65.7;Plumpang
34-17414;3417414;S6 17.776 E106 58.121;;;Jakarta;34.8;30.6;65.4;Plumpang
34-17415;3417415;S6 17.845 E106 55.334;;;Jakarta;39.7;27.2;66.9;Plumpang
34-17416;3417416;S6 18.322 E106 56.218;;;Jakarta;32.3;27.5;59.8;Plumpang
34-17417;3417417;S6 17.238 E106 58.084;;;Jakarta;37;30.9;67.9;Plumpang
34-17418;3417418;S6 19.779 E106 56.769;;;Jakarta;38.9;33.3;72.2;Plumpang
34-17419;3417419;S6 20.447 E106 55.785;;;Jakarta;34.6;30.9;65.5;Plumpang
34-17503;3417503;S6 15.550 E107 09.955;;;Jakarta;55.7;53.8;109.5;Plumpang
34-17514;3417514;S6 17.560 E107 04.759;;;Jakarta;57.2;30.7;87.9;Plumpang
34-17516;3417516;S6 15.899 E107 01.819;;;Jakarta;37.1;32.4;69.5;Plumpang
34-17526;3417526;S6 17.877 E107 08.840;;;Jakarta;47.2;54.3;101.5;Plumpang
34-17528 (deX);3417528;S6 16.128 E107 02.235;;;Jakarta;43.4;33.2;76.6;Plumpang
34-17529;3417529;S6 20.406 E107 07.222;;;Jakarta;56.6;51.2;107.8;Plumpang
34-17531;3417531;S6 20.900 E107 12.346;;;Jakarta;57.1;73;130.1;Plumpang
34-40102;3440102;S6 54.261 E107 36.424;;;Jakarta;152;156;308;Plumpang
34-40106;3440106;S6 54.165 E107 33.879;;;Jakarta;147;150;297;Plumpang
34-40110;3440110;S6 54.802 E107 38.035;;;Jakarta;176;118;294;Plumpang
34-40111;3440111;S6 53.255 E107 36.123;;;Jakarta;153;157;310;Plumpang
34-40116;3440116;S6 53.615 E107 35.167;;;Jakarta;152;152;304;Plumpang
34-40120;3440120;S6 52.963 E107 34.883;;;Jakarta;171;173;344;Plumpang
34-40121;3440121;S6 53.317 E107 36.225;;;Jakarta;154;157;311;Plumpang
34-40122;3440122;S6 52.138 E107 37.248;;;Jakarta;161;159;320;Plumpang
34-40124;3440124;S6 52.853 E107 35.933;;;Jakarta;175;176;351;Plumpang
34-40125;3440125;S6 53.445 E107 36.996;;;Jakarta;155;158;313;Plumpang
34-40127;3440127;S6 55.194 E107 36.726;;;Jakarta;155;157;312;Plumpang
34-40130;3440130;S6 54.977 E107 37.114;;;Jakarta;156;158;314;Plumpang
34-40132;3440132;S6 52.523 E107 35.811;;;Jakarta;175;176;351;Plumpang
34-40133;3440133;S6 54.334 E107 37.106;;;Jakarta;155;157;312;Plumpang
34-40134;3440134;S6 53.882 E107 35.828;;;Jakarta;151;154;305;Plumpang
34-40135;3440135;S6 53.340 E107 34.902;;;Jakarta;170;171;341;Plumpang
34-40217;3440217;S6 56.263 E107 37.076;;;Jakarta;159;166;325;Plumpang
34-40232;3440232;S6 58.028 E107 40.893;;;Jakarta;163;185;348;Plumpang
34-40234;3440234;S6 54.827 E107 39.524;;;Jakarta;162;161;323;Plumpang
34-40236;3440236;S6 55.395 E107 37.679;;;Jakarta;157;158;315;Plumpang
34-40237;3440237;S6 55.159 E107 34.480;;;Jakarta;154;155;309;Plumpang
34-40249;3440249;S6 54.729 E107 38.213;;;Jakarta;157;157;314;Plumpang
34-40254;3440254;S6 56.185 E107 36.633;;;Jakarta;164;160;324;Plumpang
34-40255;3440255;S6 55.555 E107 35.565;;;Jakarta;153;155;308;Plumpang
34-40256;3440256;S6 56.110 E107 35.549;;;Jakarta;153;158;311;Plumpang
34-40259;3440259;S6 54.845 E107 34.250;;;Jakarta;153;151;304;Plumpang
34-40514;3440514;S6 49.695 E107 22.560;;;Jakarta;173;175;348;Plumpang
34-40527;3440527;S6 53.104 E107 31.183;;;Jakarta;148;143;291;Plumpang
34-41118;3441118;S6 31.782 E107 26.827;;;Jakarta;96.4;102;198.4;Plumpang
34-41125;3441125;S6 28.053 E107 26.744;;;Jakarta;87.9;105;192.9;Plumpang
34-41126;3441126;S6 33.682 E107 26.186;;;Jakarta;101;104;205;Plumpang
34-41128;3441128;S6 40.472 E107 26.361;;;Jakarta;164;116;280;Plumpang
34-41230;3441230;S6 16.863 E107 51.593;;;Jakarta;167;142;309;Plumpang
34-41313;3441313;S6 25.543 E107 28.825;;;Jakarta;90;92.7;182.7;Plumpang
34-41319;3441319;S6 25.186 E107 28.936;;;Jakarta;90.88;93.5;184.38;Plumpang
34-41329;3441329;S6 23.921 E107 29.672;;;Jakarta;93.7;94;187.7;Plumpang
34-41334;3441334;S6 21.927 E107 31.942;;;Jakarta;97.8;103;200.8;Plumpang
34-41340;3441340;S6 22.074 E107 21.666;;;Jakarta;99;72.3;171.3;Plumpang
34-41345;3441345;S6 21.311 E107 13.806;;;Jakarta;69.2;61.1;130.3;Plumpang
34-41346;3441346;S6 23.380 E107 23.737;;;Jakarta;90.6;79.9;170.5;Plumpang
34-42102;3442102;S6 12.457 E106 21.549;;;Jakarta;73.2;77.1;150.3;Plumpang
34-42107;3442107;S6 07.863 E106 15.885;;;Jakarta;85.1;86.1;171.2;Plumpang
34-42109;3442109;S6 07.911 E106 12.352;;;Jakarta;97.7;108;205.7;Plumpang
34-42110;3442110;S6 07.971 E106 12.203;;;Jakarta;106;99;205;Plumpang
34-42111;3442111;S6 07.678 E106 08.850;;;Jakarta;98.7;101;199.7;Plumpang
34-42113;3442113;S6 07.511 E106 13.765;;;Jakarta;89.1;90.1;179.2;Plumpang
34-42114;3442114;S6 07.385 E106 13.240;;;Jakarta;99;91.2;190.2;Plumpang
34-42121;3442121;S6 07.186 E106 11.507;;;Jakarta;95.7;97.8;193.5;Plumpang
34-42122;3442122;S6 04.362 E106 07.475;;;Jakarta;103;108;211;Plumpang
34-42123;3442123;S6 08.389 E106 16.945;;;Jakarta;82.9;83.9;166.8;Plumpang
34-42125;3442125;S6 10.791 E106 08.858;;;Jakarta;10.4;10.7;21.1;Plumpang
34-42126;3442126;S6 12.974 E106 12.442;;;Jakarta;108;111;219;Plumpang
34-42128;3442128;S6 02.701 E106 04.590;;;Jakarta;111;115;226;Plumpang
34-42131;3442131;S6 08.068 E106 10.043;;;Jakarta;97;100;197;Plumpang
34-42132;3442132;S6 06.172 E106 09.768;;;Jakarta;96.6;99.1;195.7;Plumpang
34-42133;3442133;S6 07.215 E106 10.467;;;Jakarta;96.9;97.4;194.3;Plumpang
34-42202;3442202;S6 16.502 E106 07.243;;;Jakarta;115;118;233;Plumpang
34-42204;3442204;S6 19.841 E106 04.834;;;Jakarta;123;126;249;Plumpang
34-42211;3442211;S6 22.122 E106 01.396;;;Jakarta;132;135;267;Plumpang
34-42301;3442301;S6 21.356 E106 16.667;;;Jakarta;135;139;274;Plumpang
34-42303;3442303;S6 20.944 E106 13.701;;;Jakarta;128;132;260;Plumpang
34-42308;3442308;S6 20.172 E106 09.643;;;Jakarta;127;130;257;Plumpang
34-42310;3442310;S6 20.617 E106 12.473;;;Jakarta;125;129;254;Plumpang
34-42401;3442401;S6 01.478 E106 04.130;;;Jakarta;112;115;227;Plumpang
34-42402;3442402;S5 58.143 E106 00.268;;;Jakarta;122;123;245;Plumpang
34-42404;3442404;S5 59.171 E106 05.338;;;Jakarta;115;122;237;Plumpang
34-42407;3442407;S5 59.481 E106 01.707;;;Jakarta;137;120;257;Plumpang
34-42409;3442409;S5 57.507 E106 00.360;;;Jakarta;124;124;248;Plumpang
34-42410;3442410;S5 57.915 E106 00.189;;;Jakarta;123;128;251;Plumpang
34-42411;3442411;S6 00.651 E106 01.094;;;Jakarta;117;127;244;Plumpang
34-43101;3443101;S6 55.013 E106 54.597;;;Jakarta;112;125.2;237.2;Plumpang
34-43103;3443103;S6 54.244 E106 52.722;;;Jakarta;108;121;229;Plumpang
34-43105;3443105;S6 55.193 E106 55.134;;;Jakarta;113;126;239;Plumpang
34-43110;3443110;S6 54.339 E106 52.133;;;Jakarta;107;119.89;226.89;Plumpang
34-43113;3443113;S6 57.036 E106 46.208;;;Jakarta;70.2;63.5;133.7;Plumpang
34-43116;3443116;S6 55.341 E106 56.498;;;Jakarta;116;128.99;244.99;Plumpang
34-43301;3443301;S6 54.093 E106 50.791;;;Jakarta;104;117.2;221.2;Plumpang
34-43302;3443302;S6 53.697 E106 48.260;;;Jakarta;99.6;112.3;211.9;Plumpang
34-43303;3443303;S6 46.036 E106 47.819;;;Jakarta;80;80.2;160.2;Plumpang
34-43305;3443305;S6 51.134 E106 45.867;;;Jakarta;91.9;104.4;196.3;Plumpang
34-43307;3443307;S6 53.638 E106 47.843;;;Jakarta;98.9;111.5;210.4;Plumpang
34-43309;3443309;S6 47.782 E106 46.672;;;Jakarta;84.3;84.5;168.8;Plumpang
34-43311;3443311;S6 49.304 E106 45.836;;;Jakarta;87.9;88.1;176;Plumpang
34-43313;3443313;S6 52.356 E106 46.539;;;Jakarta;94.7;107.3;202;Plumpang
34-43314;3443314;S6 50.572 E106 42.934;;;Jakarta;100;100.3;200.3;Plumpang
34-43315;3443315;S6 53.731 E106 46.912;;;Jakarta;70.2;118.8;189;Plumpang
34-45156;3445156;S6 46.683 E108 34.039;;;Jakarta;267;252;519;Plumpang
34-45160;3445160;S6 46.559 E108 33.818;;;Jakarta;246;270;516;Plumpang
37-14417;3714417;S6 07.461 E106 48.605;;;Jakarta;13.7;15;28.7;Plumpang
39-14117;3914117;S6 05.884 E106 56.370;;;Jakarta;14.2;11.6;25.8;Plumpang
39-14425;3914425;S6 06.471 E106 46.485;;;Jakarta;13;17.4;30.4;Plumpang
39-15501;3915501;S6 02.009 E106 34.644;;;Jakarta;56.3;49.6;105.9;Plumpang
39-15502;3915502;S6 02.009 E106 34.644;;;Jakarta;50.5;50.5;101;Plumpang
39-15522;3915522;S6 03.302 E106 25.677;;;Jakarta;99.2;85.7;184.9;Plumpang
BABINKAMPOLRI;BABINKAMPOLRI;S6 14.384 E106 48.185;;;Jakarta;26.5;26.8;53.3;Plumpang
DEBNABABEKTNI;DEBNABABEKTNI;S6 19.813 E106 51.420;;;Jakarta;31.6;28.5;60.1;Plumpang
DENBEKANG111-44-01;DENBEKANG1114401;S6 34.013 E106 48.408;;;Jakarta;60.5;59.3;119.8;Plumpang
DENBEKANGPASPAMPRES;DENBEKANGPASPAMPRES;S6 10.490 E106 49.129;;;Jakarta;14.5;16.4;30.9;Plumpang
DENMABAIS;DENMABAIS;S6 15.357 E106 51.431;;;Jakarta;21.5;20.7;42.2;Plumpang
DENMABESABRI;DENMABESABRI;S6 18.906 E106 54.794;;;Jakarta;31.6;28;59.6;Plumpang
DENMAKOAKMIL;DENMAKOAKMIL;S6 20.226 E106 54.943;;;Jakarta;34.7;33.3;68;Plumpang
DENMAKOOPSI;DENMAKOOPSI;S6 17.076 E106 52.944;;;Jakarta;21.1;24;45.1;Plumpang
DENMASESKOAL;DENMASESKOAL;S6 14.361 E106 46.524;;;Jakarta;39.6;33.1;72.7;Plumpang
DPPU-CGK;DPPUCGK;S6 08.213 E106 38.047;;;Jakarta;35.8;52.1;87.9;Plumpang
DPPU-HALIM;DPPUHALIM;S6 15.711 E106 53.336;;;Jakarta;17.5;21.4;38.9;Plumpang
KAURBEKPASPAMPRES;KAURBEKPASPAMPRES;S6 35.087 E106 47.776;;;Jakarta;59.3;62;121.3;Plumpang
LANUDALJKT;LANUDALJKT;S6 19.846 E106 45.833;;;Jakarta;41.6;44;85.6;Plumpang
LANUDHALIMPERDANAK;LANUDHALIMPERDANAK;S6 16.502 E106 53.141;;;Jakarta;23.8;22.9;46.7;Plumpang
LANUMA;LANUMA;S6 32.413 E106 45.476;;;Jakarta;70.5;67.7;138.2;Plumpang
LEMDIKLATPORLI;LEMDIKLATPORLI;S6 17.246 E106 46.057;;;Jakarta;37.1;45.1;82.2;Plumpang
PERTAMINA;PERTAMINA;S6 08.195 E106 53.792;;;Jakarta;21;21;42;Plumpang
PERTAMINAPATRANIAGA;PERTAMINAPATRANIAGA;#N/A;;;Jakarta;2;2;4;Plumpang
POLAIR;POLAIR;S6 06.755 E106 52.268;;;Jakarta;13.3;9.2;22.5;Plumpang
POLRESBANDARA;POLRESBANDARA;S6 06.984 E106 40.542;;;Jakarta;34.7;44.4;79.1;Plumpang
POLRESBEKASI;POLRESBEKASI;S6 16.869 E107 09.904;;;Jakarta;51.2;54.8;106;Plumpang
POLRESBOGOR;POLRESBOGOR;S6 28.878 E106 49.507;;;Jakarta;50.8;55.1;105.9;Plumpang
POLRESDEPOK;POLRESDEPOK;S6 22.504 E106 49.903;;;Jakarta;39;36.5;75.5;Plumpang
POLRESJAKPUS;POLRESJAKPUS;S6 10.377 E106 51.721;;;Jakarta;7.9;12.3;20.2;Plumpang
POLRESJAKTIM;POLRESJAKTIM;S6 16.242 E106 45.633;;;Jakarta;39.5;45.8;85.3;Plumpang
POLRESMETROTGR;POLRESMETROTGR;S6 14.256 E106 28.185;;;Jakarta;63.5;73.7;137.2;Plumpang
POLRESPELABUIHANTG;POLRESPELABUHANTG;S6 07.001 E106 53.608;;;Jakarta;6.2;9.9;16.1;Plumpang
POLRESTANGGERANG;POLRESTANGGERANG;S6 10.210 E106 37.935;;;Jakarta;47.7;53.5;101.2;Plumpang
PUSDIKLANTAS;PUSDIKLANTAS;S6 14.348 E106 40.031;;;Jakarta;40.3;50.9;91.2;Plumpang
PUSDIKPOLAIRUD;PUSDIKPOLAIRUD;S6 05.949 E106 52.811;;;Jakarta;9.1;8.3;17.4;Plumpang
PUSDIKSERSE710898;PUSDIKSERSE710898;S6 30.443 E106 45.483;;;Jakarta;64.2;68.2;132.4;Plumpang
RUMKITALMTH;RUMKITALMTH;S6 12.681 E106 48.721;;;Jakarta;28.1;29.4;57.5;Plumpang
SATBEKDENMABESAL;SATBEKDENMABESAL;S6 18.906 E106 54.794;;;Jakarta;31.6;28;59.6;Plumpang
SATBEKDENMAKOKOLINLA;SATBEKDENMAKOKOLINLA;S6 06.416 E106 53.578;;;Jakarta;6.7;6.6;13.3;Plumpang
SATPOLAIRPOLDAM;SATPOLAIRPOLDAM;S6 06.913 E106 52.138;;;Jakarta;12.8;8.8;21.6;Plumpang
SEKOLAHPOLISIWANIT;SEKOLAHPOLISIWANIT;S6 14.558 E106 42.782;;;Jakarta;53.8;40.7;94.5;Plumpang
SELAPAPOLISI;SELAPAPOLISI;S6 17.268 E106 46.177;;;Jakarta;35.9;38.7;74.6;Plumpang
SETJENDEPHAN;SETJENDEPHAN;S6 14.928 E106 52.427;;;Jakarta;19.9;17.5;37.4;Plumpang
SETUKPALEMDIKPOL;SETUKPALEMDIKPOL;S6 44.209 E106 49.191;;;Jakarta;77.1;76.4;153.5;Plumpang
SPBB37-0115;SPBB370115;S6 06.405 E106 46.515;;;Jakarta;21.9;32.1;54;Plumpang
SUBDITLANTAS;SUBDITLANTAS;S6 14.859 E106 50.556;;;Jakarta;24.9;21.4;46.3;Plumpang
SUBDITSATWA;SUBDITSATWA;S6 21.294 E106 50.511;;;Jakarta;32.9;33.1;66;Plumpang
TEPBEKJAYA;TEPBEKJAYA;S6 17.749 E106 51.287;;;Jakarta;26.6;24.5;51.1;Plumpang
TEPBEKJAYA1-44-1A;TEPBEKJAYA1441A;S6 17.749 E106 51.287;;;Jakarta;41.4;27.2;68.6;Plumpang
TNIALLANMAR;TNIALLANMAR;S6 17.784 E106 48.699;;;Jakarta;34.3;35.6;69.9;Plumpang
TNI-AU;TNIAU;S6 15.379 E106 53.636;;;Jakarta;31.5;21.4;52.9;Plumpang
